<application>
  <component name="FileTypeManager" version="17">
    <extensionMap>
      <mapping ext="klib" type="ARCHIVE" />
      <mapping pattern="asasdas" type="DTD" />
      <mapping pattern="adasd" type="PLAIN_TEXT" />
      <mapping pattern=".env" type="PLAIN_TEXT" />
      <mapping pattern="kjkh" type="PLAIN_TEXT" />
      <mapping pattern="UnitOfMeasure.json" type="PLAIN_TEXT" />
      <mapping pattern="asdasd" type="PLAIN_TEXT" />
      <mapping pattern="asdasdasd" type="PLAIN_TEXT" />
      <mapping pattern="file" type="PLAIN_TEXT" />
    </extensionMap>
  </component>
</application>