<application>
  <component name="ProjectManager">
    <defaultProject>
      <component name="ProjectInspectionProfilesVisibleTreeState">
        <entry key="Project Default">
          <profile-state>
            <expanded-state>
              <State>
                <id />
              </State>
              <State>
                <id>Android</id>
              </State>
              <State>
                <id>Android &gt; Lint &gt; Correctness</id>
              </State>
              <State>
                <id>Android &gt; Lint &gt; Performance</id>
              </State>
              <State>
                <id>Android Lint for Kotlin</id>
              </State>
              <State>
                <id>Code StyleScala</id>
              </State>
              <State>
                <id>CollectionsScala</id>
              </State>
              <State>
                <id>ComparingCollectionsScala</id>
              </State>
              <State>
                <id>GeneralScala</id>
              </State>
              <State>
                <id>IndicesCollectionsScala</id>
              </State>
              <State>
                <id>Java</id>
              </State>
              <State>
                <id>Java language level migration aidsJava</id>
              </State>
              <State>
                <id>MapsCollectionsScala</id>
              </State>
              <State>
                <id>Method signatureScala</id>
              </State>
              <State>
                <id>OptionsCollectionsScala</id>
              </State>
              <State>
                <id>OtherCollectionsScala</id>
              </State>
              <State>
                <id>OtherScala</id>
              </State>
              <State>
                <id>SQL</id>
              </State>
              <State>
                <id>Scala</id>
              </State>
              <State>
                <id>Scala/Akka</id>
              </State>
              <State>
                <id>Scala: General</id>
              </State>
              <State>
                <id>ScaladocScala</id>
              </State>
              <State>
                <id>Simplifications: filter and existsCollectionsScala</id>
              </State>
              <State>
                <id>Simplifications: find and map to applyCollectionsScala</id>
              </State>
              <State>
                <id>Simplifications: forall and existsCollectionsScala</id>
              </State>
              <State>
                <id>Simplifications: otherCollectionsScala</id>
              </State>
              <State>
                <id>SizeCollectionsScala</id>
              </State>
              <State>
                <id>Specs2Scala</id>
              </State>
              <State>
                <id>Specs2Specs2Scala</id>
              </State>
              <State>
                <id>Spring</id>
              </State>
              <State>
                <id>Spring DataSpring</id>
              </State>
              <State>
                <id>Syntactic ClarificationScala</id>
              </State>
              <State>
                <id>Syntactic SimplificationScala</id>
              </State>
              <State>
                <id>Threading issuesJava</id>
              </State>
            </expanded-state>
            <selected-state>
              <State>
                <id>Android</id>
              </State>
            </selected-state>
          </profile-state>
        </entry>
      </component>
      <component name="PropertiesComponent">
        <property name="nodejs_interpreter_path.stuck_in_default_project" value="/usr/local/bin/node" />
        <property name="nodejs_npm_path_reset_for_default_project" value="true" />
        <property name="settings.editor.selected.configurable" value="configurable.group.editor" />
      </component>
      <component name="SbtLocalSettings">
        <option name="projectSyncType">
          <map>
            <entry key="$USER_HOME$/fullfacing/libs/Moonshadow" value="PREVIEW" />
            <entry key="$USER_HOME$/fullfacing/libs/apollo" value="PREVIEW" />
            <entry key="$USER_HOME$/fullfacing/libs/test/Hydra" value="PREVIEW" />
            <entry key="$USER_HOME$/fullfacing/releases/fng-api-dashboard" value="PREVIEW" />
            <entry key="$USER_HOME$/fullfacing/repos/Hydra" value="PREVIEW" />
            <entry key="$USER_HOME$/fullfacing/repos/apollo" value="PREVIEW" />
            <entry key="$USER_HOME$/fullfacing/repos/fng-api-address" value="PREVIEW" />
            <entry key="$USER_HOME$/fullfacing/repos/fng-api-aggregation" value="PREVIEW" />
            <entry key="$USER_HOME$/fullfacing/repos/fng-api-auth" value="PREVIEW" />
            <entry key="$USER_HOME$/fullfacing/repos/fng-api-camera" value="PREVIEW" />
            <entry key="$USER_HOME$/fullfacing/repos/fng-api-contact" value="PREVIEW" />
            <entry key="$USER_HOME$/fullfacing/repos/fng-api-container" value="PREVIEW" />
            <entry key="$USER_HOME$/fullfacing/repos/fng-api-dashboard" value="PREVIEW" />
            <entry key="$USER_HOME$/fullfacing/repos/fng-api-device" value="PREVIEW" />
            <entry key="$USER_HOME$/fullfacing/repos/fng-api-files" value="PREVIEW" />
            <entry key="$USER_HOME$/fullfacing/repos/fng-api-fing" value="PREVIEW" />
            <entry key="$USER_HOME$/fullfacing/repos/fng-api-fingsmedia" value="PREVIEW" />
            <entry key="$USER_HOME$/fullfacing/repos/fng-api-graphhistory" value="PREVIEW" />
            <entry key="$USER_HOME$/fullfacing/repos/fng-api-host" value="PREVIEW" />
            <entry key="$USER_HOME$/fullfacing/repos/fng-api-inboxalert" value="PREVIEW" />
            <entry key="$USER_HOME$/fullfacing/repos/fng-api-insight" value="PREVIEW" />
            <entry key="$USER_HOME$/fullfacing/repos/fng-api-interpod" value="PREVIEW" />
            <entry key="$USER_HOME$/fullfacing/repos/fng-api-invoice" value="PREVIEW" />
            <entry key="$USER_HOME$/fullfacing/repos/fng-api-network" value="PREVIEW" />
            <entry key="$USER_HOME$/fullfacing/repos/fng-api-notification" value="PREVIEW" />
            <entry key="$USER_HOME$/fullfacing/repos/fng-api-observation" value="PREVIEW" />
            <entry key="$USER_HOME$/fullfacing/repos/fng-api-report" value="PREVIEW" />
            <entry key="$USER_HOME$/fullfacing/repos/fng-api-site" value="PREVIEW" />
            <entry key="$USER_HOME$/fullfacing/repos/fng-api-template" value="PREVIEW" />
            <entry key="$USER_HOME$/fullfacing/repos/fng-api-userprofile" value="PREVIEW" />
            <entry key="$USER_HOME$/fullfacing/repos/fng-svc-notifications-processor" value="PREVIEW" />
            <entry key="$USER_HOME$/fullfacing/repos/fng-svc-pdf-generation" value="PREVIEW" />
            <entry key="$USER_HOME$/fullfacing/repos/fng-svc-scheduler" value="PREVIEW" />
            <entry key="$USER_HOME$/fullfacing/repos/fng-web-hq" value="PREVIEW" />
            <entry key="$USER_HOME$/fullfacing/repos/fng-web-public" value="PREVIEW" />
            <entry key="$USER_HOME$/fullfacing/repos/lnd-api-auth" value="PREVIEW" />
            <entry key="$USER_HOME$/fullfacing/repos/lnd-api-examination" value="PREVIEW" />
            <entry key="$USER_HOME$/fullfacing/repos/lnd-api-faq" value="PREVIEW" />
            <entry key="$USER_HOME$/fullfacing/repos/lnd-api-host" value="PREVIEW" />
            <entry key="$USER_HOME$/fullfacing/repos/lnd-api-role" value="PREVIEW" />
            <entry key="$USER_HOME$/fullfacing/repos/lnd-web-headoffice" value="PREVIEW" />
            <entry key="$USER_HOME$/fullfacing/repos/mongo-final" value="PREVIEW" />
            <entry key="$USER_HOME$/fullfacing/repos/project-andromeda" value="PREVIEW" />
            <entry key="$USER_HOME$/fullfacing/staging" value="PREVIEW" />
            <entry key="$USER_HOME$/personal/Lunchshark-BE" value="PREVIEW" />
          </map>
        </option>
      </component>
      <component name="ScalaSbtSettings">
        <option name="customVMPath" />
      </component>
      <component name="masterDetails">
        <states>
          <state key="ProjectJDKs.UI">
            <settings>
              <last-edited>1.8</last-edited>
              <splitter-proportions>
                <option name="proportions">
                  <list>
                    <option value="0.2" />
                  </list>
                </option>
              </splitter-proportions>
            </settings>
          </state>
        </states>
      </component>
    </defaultProject>
  </component>
</application>